,HRP,risk_parity,eigen,equal
Max_Drawdown,59.5509057864508,58.61668348878579,62.21650915710505,61.02712125087006
Value,72027.83557128906,68724.79284667969,68620.21752929688,69646.32727050781
