,HRP,risk_parity,eigen,equal
Max_Drawdown,59.461471912877776,59.965697481606774,62.05438935099819,60.88133037458507
Value,73279.09240722656,68150.0927734375,70204.99353027344,69537.97546386719
