,HRP,risk_parity,eigen,equal
Max_Drawdown,1.0676322345592137,1.5975303773511291,3.0164693778974323,1.5975303773511291
Value,99942.8287306428,100010.81137222053,100912.07747322321,100010.81137222053
