,HRP,risk_parity,eigen,equal
Max_Drawdown,60.28090447440124,60.109588038914,61.92766221494651,60.41797069317405
Value,71788.94323730469,67816.83764648438,71720.16845703125,71323.18310546875
