,HRP,risk_parity,eigen,equal
Max_Drawdown,57.2595958588614,58.13079047200303,60.854442049355164,60.91858958812776
Value,74833.47521972656,76011.00524902344,69250.86511230469,68741.07287597656
